<?xml version="1.0" encoding="UTF-8"?>
<!DOCTYPE log4j:configuration SYSTEM "log4j.dtd">
<log4j:configuration xmlns:log4j="http://jakarta.apache.org/log4j/" debug="false">
    <appender name="CONSOLE" class="org.apache.log4j.ConsoleAppender">
        <param name="Target" value="System.out" />
        <layout class="org.apache.log4j.PatternLayout">
            <param name="ConversionPattern" value="%d{HH:mm:ss,SSS} %-5p [%c{1}] %m%n" />
        </layout>
    </appender>
    <!-- <appender name="FILEAPPENDER" class="">
        <layout class="org.apache.log4j.PatternLayout">
            <param name="ConversionPattern" value="%d{HH:mm:ss,SSS} %-5p [%c{1}] %m%n" />
        </layout>
    </appender>-->
    <logger name="org.hibernate">
        <level value="WARN" />
    </logger>
  	<logger name="org.hibernate.type.descriptor.sql">  
    	<level value="WARN"/>  
  	</logger>  

    <root>
        <priority value="DEBUG" />
        <appender-ref ref="CONSOLE" />
        <!-- <appender-ref ref="FILEAPPENDER" />  -->
    </root>
</log4j:configuration>